name,imdb_avg,num,fb_likes
Zuhair Haddad,7.6,1,18000
Zooey Deschanel,6.388888889,9,99000
Zoe Ventoura,4.3,1,84
Zoe Lister-Jones,6.2,1,331
Zoë Kravitz,6.566666667,3,2829
Zoe Kazan,6.55,2,1924
Zak Penn,6.6,1,87
Zack Ward,7.02,5,3310
Zachary Knighton,7.2,1,262
Zachary Gordon,6.633333333,3,2925
Zach Gilford,6.65,4,3884
Yuri Lowenthal,5.7,1,354
Yuliya Snigir,5.3,1,463
Yul Vazquez,6.9,1,96
Yuki Matsuzaki,7.9,1,378
Yu-mi Jeong,7.2,1,28
Yorick van Wageningen,7.1,1,163
Yolande Moreau,2.9,1,44
Ye Liu,7.7,1,52
Yaya DaCosta,5.7,1,712
Yasmine Al Massri,7.2,1,227
Yaphet Kotto,7.166666667,3,1743
Yangzom Brauen,6.2,1,29
Ximena Ayala,7,1,31
Xander Berkeley,6.6,1,485
Woody Strode,5.9,1,423
Woody Allen,6.96,10,110000
Wood Harris,7.1,2,818
Woo-sung Jung,6.9,1,149
Willie Garson,6.6,2,1024
William Smith,6.8,3,2757
William Schallert,5.1,1,901
William Morgan Sheppard,7.2,1,702
William McNamara,4.85,4,40000
William Kircher,7.3,1,109
William Katt,8,1,505
William Joseph Elk III,6.9,1,96
William Hurt,6.8,4,3528
William Hootkins,6.9,1,488
William Holden,8.1,2,1364
William Gates,8.3,1,7
William Baldwin,7.4,1,436
Will Smith,6.731578947,19,190000
Will Rothhaar,6.3,1,386
Will Patton,6.2,1,537
Will Forte,6.225,4,2488
Will Ferrell,6.195,20,160000
Wilford Brimley,7.3,3,2871
Wesley Jonathan,2.75,2,1184
Wes Studi,7.8,1,855
Wendi McLendon-Covey,5.9,1,655
Wei Zhao,7.3,1,478
Wei Tang,6.2,1,215
Wayne Knight,8.1,1,967
Warren Christie,5.2,1,520
Warren Beatty,6.8,1,631
Ward G. Smith,5.5,1,393
Wanda Sykes,5.2,1,560
Walter Koenig,7,1,643
Walter Hendrix III,4.8,1,846
Wagner Moura,7.133333333,3,1755
W. Earl Brown,7.2,1,422
Vivica A. Fox,5.775,8,7120
Virginia Madsen,6.366666667,3,2737
Virginia Leith,4.1,1,24
Violante Placido,6.3,1,978
Vinessa Shaw,6.7,1,580
Vincent Schiavelli,6.5,1,811
Vincent Pastore,5.05,4,2336
Vincent Gallo,5,1,787
Vincent Chimato,3.5,1,685
Vin Diesel,6.390909091,11,154000
Viggo Mortensen,6.658333333,12,120000
Vidya Balan,7.7,2,928
Victoria Jackson,6.9,1,338
Victor Wong,5.125,4,1600
Victor Rasuk,7.2,1,302
Vic Mignogna,3.7,1,578
Veronica Taylor,5.6,1,88
Veronica Ferres,6.3,1,30000
Vernon Wells,7.6,1,745
Vernon Dobtcheff,8,1,50
Verne Troyer,6.2,1,645
Vera Ngassa,7.5,1,2
Vanna Bonta,6.2,1,21000
Vanessa Williams,5.65,6,6000
Vanessa Redgrave,6.775,4,3592
Vanessa Lengies,6.1,1,804
Vanessa Ferlito,4.1,1,923
Usher Raymond,1.6,1,569
Ursula Andress,7.3,1,650
Ulrich Tukur,7.8,1,63
Ulrich Thomsen,8.1,1,280
Udo Kier,7.3,1,595
Tzi Ma,6.2,1,268
Tyrone Power,7,1,480
Tyler Mane,6.5,1,764
Tyler Labine,6.1,1,779
Tyler James Williams,5.2,2,1862
Ty Parker,6.8,1,267
Ty Burrell,6.95,6,18000
Tuesday Knight,5.7,1,130
Tshewang Dendup,7.5,1,0
Trish Basinger,6.6,1,644
Trey Parker,6.2,1,406
Trey Loney,5.2,1,977
Trevor Morgan,2.8,1,595
Trenton Rostedt,3.4,1,680
Treat Williams,6.1,1,642
Travis Myers,6.7,1,749
Tori Spelling,5.7,1,396
Topol,8,1,402
Topher Grace,5.98,5,10000
Tony Nappo,6.2,1,654
Tony Goldwyn,6.366666667,3,2868
Tony Doupe,4.7,1,361
Tony Curran,6.5,3,2535
Tony Cox,6.3,1,624
Tony Chiu Wai Leung,6.5,1,643
Tony Bonner,7.3,1,492
Tony Alva,7.7,1,22
Toni Servillo,7.7,1,211
Tommy Sheppard,8.4,1,14
Tommy Pallotta,7.1,1,5
Tommy O'Reilly,3.2,1,1000
Tom Wilkinson,6.8,13,13000
Tom Welling,5.8,1,3000
Tom Skerritt,6.133333333,6,6000
Tom Selleck,5.866666667,3,57000
Tom Hughes,7.8,1,565
Tom Hardy,7.309090909,11,297000
Tom Hanks,7.425,24,360000
Tom Everett Scott,4.65,2,866
Tom E. Nicholson,3.4,1,196
Tom Cullen,6.85,2,1014
Tom Cruise,7.028,25,250000
Tom Burke,6.2,1,201
Tom Berenger,6.95,2,1708
Tom Atkins,4.6,1,381
Todd Stashwick,5.6,1,277
Todd Giebenhain,2.4,1,117
Toby Stephens,6.75,2,1538
Toby Jones,7.216666667,6,12000
Tobias Menzies,8.5,1,1000
Tjasa Ferme,4.8,1,313
Tisha Campbell-Martin,5.8,1,413
Tippi Hedren,6.4,1,634
Tina Turner,6.2,1,794
Tina Gilton,7.8,1,861
Tina Fey,6.44,5,10000
Tina Desai,6.6,1,220
Timothy Hutton,3.3,1,501
Tim Meadows,6.7,1,553
Tim Holmes,6.4,2,88000
Tim Conway,6.75,2,1740
Tim Blake Nelson,5.475,4,2384
Tika Sumpter,6.9,1,521
Tiffany Helm,4.7,1,42
Tiago Riani,7.1,1,989
Tia Carrere,6.5,3,3000
Thomas Stroppel,5.6,1,192
Thomas McDonell,5.4,1,962
Thomas Lennon,5.6,1,651
Thomas Kretschmann,7.5,2,1836
Thomas F. Wilson,4.65,2,1380
Thomas Bo Larsen,8.3,1,74
Theo James,6.4,1,5000
The Dalai Lama,7.2,1,66
Teryl Rothery,5.7,1,298
Terry Pheto,7.166666667,3,339
Terry Kiser,5.9,1,448
Terry Funk,7.6,1,54
Teri Polo,5.15,2,1416
Teri Garr,7.4,1,481
Teresa Wright,7.3,1,208
Teo Halm,5.8,1,803
Tenzin Thuthob Tsarong,7,1,2
Temple Grandin,7.4,1,58
Telly Savalas,6.8,1,803
Ted Raimi,7.233333333,3,1902
Ted Danson,6.766666667,3,2625
Taylor Pigeon,6.2,1,134
Taylor Negron,4.3,4,4000
Taylor Lautner,4.6,3,36000
Taylor Cole,5.6,1,969
Tatyana Ali,4.8,1,685
Tatum O'Neal,7.3,1,288
Tatsuo Matsumura,7.5,1,15
Tatiana Suarez-Pico,6.1,1,21
Tate Donovan,7.2,1,650
Tasha Smith,5.1,1,721
Taran Killam,6.3,2,1000
Tanya Roberts,4.8,1,433
Tamsin Egerton,4.5,2,1243
Tammin Sursok,5.3,1,836
Tamara Toumanova,6.7,1,18
Tamannaah Bhatia,8.4,1,218
Talulah Riley,7.8,1,422
Talisa Soto,3.6,1,349
Taliesin Jaffe,7.4,1,26
Talia Zucker,6.1,1,12
Talia Shire,5.4,1,452
Takuya Kimura,5.8,2,168
Takeshi Kaneshiro,7.5,2,1510
Takashi Shimura,8.7,1,304
Tadanobu Asano,7.3,1,627
Ta'Rhonda Jones,7.8,1,912
T.I.,6,1,680
Sylvester Stallone,6.257142857,21,273000
Sydney Pollack,6.5,1,521
Susan Hampshire,7.6,1,40
Susan Chambers,6.8,1,138
Suraj Sharma,8,1,774
Sunny Mabrey,4.3,1,287
Sunil Narkar,6.6,1,34000
Sullivan Stapleton,4.9,1,1000
Stockard Channing,5.95,4,3776
Steven Yeun,7.3,1,7000
Steven Weber,7.3,1,685
Steven Van Zandt,8.1,1,422
Steven Mackintosh,7.7,1,227
Steven Bauer,6,1,636
Steven Anthony Lawrence,4.9,1,1000
Steve Oedekerk,6.2,1,176
Steve Irwin,5.4,1,477
Steve Howey,4.2,2,1652
Steve Guttenberg,6.133333333,3,2403
Steve Coogan,6.7,5,5000
Steve Carell,6.84,10,70000
Steve Buscemi,6.425925926,27,324000
Steve Bastoni,7.2,1,234
Sterling Jerins,6.8,1,155
Stephen Root,5.88,5,4695
Stephen Rea,5.866666667,3,981
Stephen McHattie,6.7,3,1239
Stephen Macht,3.4,1,113
Stephen Graham,6.825,4,4000
Stephen Dillane,7.5,1,577
Stephen Collins,5.7,1,452
Stephen Colbert,8.1,1,459
Stephen Carr,4.8,1,2
Stephen Amell,6.3,1,5000
Stephanie Szostak,4.9,2,2000
Stephanie Leonidas,6.9,1,420
Stana Roumillac,6.7,1,0
Stacy Keach,5.05,2,1204
Stacy Edwards,7.3,1,136
Spring Byington,6.5,1,94
Sprague Grayden,5.7,1,438
Spencer Wilding,5.4,1,1000
Spencer Tracy,7,1,760
Sophie Okonedo,7.4,1,460
Sophia Myles,6,3,2867
Sook-Yin Lee,6.5,1,71
Sonja Sohn,7.2,1,245
Sonia Braga,5.6,1,308
Sofia Boutella,7.5,1,998
Snoop Dogg,6.7,2,1762
Slim Pickens,7.3,1,575
Siu-Wong Fan,6.5,1,79
Sissy Spacek,6.8,4,3496
Siobhan Marshall,6.3,1,42
Simon Yam,7.3,1,155
Simon Merrells,5,1,490
Simon Bird,8.4,1,229
Simon Abkarian,6.9,1,75
Sierra McCormick,6.7,1,512
Sid Haig,6.125,4,4000
Sid Caesar,6.7,1,898
Si Won Choi,6.1,1,21
Shun Oguri,6.5,1,173
Shô Kosugi,6.4,1,330
Shirley Jones,7.9,1,556
Shirley Henderson,6.6,3,2661
Shiri Appleby,6.1,1,855
Sheryl Lee,6.1,1,2000
Sheryl Crow,7.4,1,130
Shengyi Huang,7.8,1,264
Shelley Hennig,5.7,1,707
Shelley Duvall,7,1,629
Shelley Conn,5.3,1,273
Sheldon Leonard,7.1,1,142
Shawnee Smith,6.1,1,651
Shawna Waldron,6.8,1,524
Shaun Sipos,6.6,1,322
Sharon Small,7.1,1,66
Sharon Leal,6.2,1,467
Sharlto Copley,8,1,2000
Shari Albert,6.6,1,138
Shannon Elizabeth,5.266666667,3,3000
Shannen Fields,6.9,1,51
Shane Pollard,4.5,1,485
Shane Dawson,5.1,1,247
Shane Carruth,7,1,291
Shane Black,7.8,1,1000
Shailene Woodley,7.4,3,24000
Shahir Kabaha,7.4,1,20
Shahab Hosseini,8.4,1,786
Shah Rukh Khan,7.2,4,32000
Seymour Cassel,6.15,2,654
Seychelle Gabriel,4.2,1,1000
Seth MacFarlane,7,1,3000
Seth Gilliam,5.7,1,423
Sergey Garmash,5.2,1,21
Seregon O'Dassey,4.2,1,498
Sendhil Ramamurthy,6.55,2,2000
Sela Ward,5.6,1,812
Sebastian Koch,7.9,2,760
Sean Young,6.9,1,759
Sean Whalen,4,1,407
Sean Pertwee,6.4,4,2888
Sean Patrick Thomas,6.2,2,1312
Sean Lennon,7.7,1,61
Sean Hayes,3.8,1,760
Sean Cameron Michael,6.9,1,412
Seamus Davey-Fitzpatrick,7.9,1,140
Scout Taylor-Compton,5.166666667,3,2724
Scott Takeda,4.2,1,981
Scott Porter,6.25,2,1380
Scott Mechlowicz,7.3,1,634
Scott Levy,1.9,1,639
Scott Helvenston,7.7,1,25
Scott Grimes,6.7,1,738
Scott Glenn,6.825,4,3304
Scott Cohen,6.7,1,378
Scott Baio,1.9,1,650
Scoot McNairy,5.55,2,1320
Scatman Crothers,8.55,2,1776
Scarlett Johansson,6.863636364,22,418000
Sayed Badreya,6.4,1,600
Satish Kaushik,6.7,1,56
Sasha Roiz,5.6,1,795
Sasha Alexander,7.3,1,980
Sarunyu Wongkrachang,6.6,1,7
Sariann Monaco,4.4,1,163
Sarah Silverman,6.333333333,3,2793
Sarah Roemer,6.9,2,1768
Sarah Polley,6.9,3,2700
Sarah Murphy-Dyson,7,1,14
Sarah Michelle Gellar,5.7,10,40000
Sarah Kazemy,5.9,1,144
Sarah Gadon,5.7,1,691
Sarah Carter,6.2,1,748
Sarah Butler,6.3,1,635
Sara Forestier,7.2,1,74
Santiago Cabrera,6.6,1,639
Sandrine Kiberlain,6.9,1,71
Sandra Ellis Lafferty,6.65,2,1046
Sanaa Lathan,6.35,2,1772
Sammy Davis Jr.,7,1,683
Sammo Kam-Bo Hung,6.2,1,472
Samira Wiley,7.1,1,646
Samantha Morton,6.32,5,3155
Samantha Futerman,6.8,1,100
Samantha Barks,5.8,1,2000
Samaire Armstrong,5.3,1,806
Sam Waterston,4.9,1,849
Sam Trammell,4.95,2,2000
Sam Shepard,6.533333333,3,2460
Sam Riley,6.7,2,1690
Sam Edwards,7.4,1,16
Sam Claflin,7.6,1,11000
Sam Adams,7.8,1,0
Salma Hayek,6.21,10,40000
Sally Kirkland,8.05,2,866
Sally Hawkins,6.45,2,1188
Saif Ali Khan,5.35,2,1064
Saffron Burrows,4.1,1,811
Saeed Jaffrey,6.35,2,228
Saad Siddiqui,5.2,1,223
S. Epatha Merkerson,6.5,1,539
Ryan Reynolds,6.63125,16,256000
Ryan O'Neal,7.75,2,770
Ryan Kruger,6,1,165
Ryan Guzman,5.466666667,3,9000
Ryan Gosling,7.017647059,17,561000
Ruth Wilson,8.6,1,2000
Russell Wong,8,1,595
Russell Tovey,6.3,1,796
Russell Hodgkinson,5.1,1,199
Rupert Grint,6.9,4,40000
Rupert Graves,7.8,1,443
Rupert Everett,7.2,1,692
Rumi Missabu,4.3,1,19
Rumi Hiiragi,7.7,1,6
Rufus Sewell,6.514285714,7,21000
Rudy Youngblood,5.7,2,1416
Ruby Dee,7.9,1,782
Royal Dano,7.4,1,232
Roy Scheider,7.466666667,6,4878
Roy Billing,7.5,1,116
Roxanne McKee,4.2,1,576
Rosie Perez,6.35,2,1838
Roscoe Lee Browne,6.3,1,204
Rosario Dawson,6.2,12,36000
Rosanna Arquette,5.7,1,605
Rory Culkin,7,3,2130
Ronny Cox,7.5,2,1210
Ronn Moss,3.5,1,177
Ronald Reagan,7.4,1,1000
Ron Howard,6.2,1,2000
Romola Garai,6.65,4,3220
Romany Malco,5.5,2,1932
Romain Duris,7.3,2,1618
Roma Downey,5.6,1,329
Roger Rees,5.766666667,3,3000
Roger Allam,7.3,1,326
Roddy McDowall,6.46,5,2975
Rod Steiger,7.3,1,279
Rock Hudson,6.2,1,638
Robyn Lively,6.3,1,439
Robin Wright,6.94,10,180000
Robin Williams,6.574074074,27,1323000
Robin McLeavy,6.7,1,399
Robin Lord Taylor,7,1,574
Robert Townsend,7,1,467
Robert Shaw,7.333333333,3,1677
Robert Ri'chard,5.3,2,1460
Robert Redford,6.9,1,0
Robert Pine,6.5,1,332
Robert Picardo,5.5,1,823
Robert Pattinson,6.2125,8,168000
Robert John Burke,5.5,1,318
Robert Forster,5.2,4,3556
Robert Duvall,7.044444444,9,27000
Robert Downey Jr.,6.815384615,26,546000
Robert De Niro,6.746938776,49,1078000
Robert Davi,6.6,1,683
Robert Clohessy,6.6,1,107
Robert Baker,6,1,142
Robbie Barnes,3,1,720
Rob Riggle,6.2,3,2517
Rob Paulsen,6.1,2,1354
Rob McElhenney,8.8,1,813
Rita Moreno,7.7,3,2412
Rita Hayworth,7.7,1,1000
Rip Torn,5.233333333,3,2478
Ringo Starr,8.2,1,725
Rijk de Gooyer,7,1,20
Ricky Schroder,6.55,2,1330
Rick Yune,6.1,2,1492
Richard Wilson,7.4,1,358
Richard Tyson,3.933333333,3,2229
Richard Moll,5.7,1,206
Richard Lawson,5.5,1,508
Richard Johnson,7.8,1,77
Richard Jewell,7.8,1,45
Richard Epcar,5.9,1,782
Richard E. Grant,6.366666667,3,1662
Richard Curtis,7.4,1,628
Richard Coyle,5.6,1,567
Richard Cawthorne,7.1,1,511
Richard Cabral,5,1,510
Richard Burton,7.3,2,1452
Richard Burgi,6.5,1,550
Richard Brooker,5.7,1,72
Rich Pecci,6.5,1,1000
Rich Ceraulo,3.8,1,387
Riccardo Scamarcio,7.3,2,1160
Ricardo Darín,8.05,2,1654
Rhys Wakefield,5.7,1,942
Rex Baker,5.8,1,15000
Rene Russo,6.7,1,808
Regina Hall,5.5,1,807
Redd Foxx,6.6,1,586
Rebecca Budig,4.4,1,210
Reba McEntire,7.1,1,651
Raymond J. Barry,6.6,1,108
Raymond Cruz,5.5,1,672
Raymond Burr,7.2,1,311
Ray Winstone,5.69,10,10000
Ray Milland,8,1,287
Raven-Symoné,4.6,1,1000
Rasheed Naz,7,1,7
Rapulana Seiphemo,7.8,1,29
Raoul Bova,6.7,1,727
Randy Wayne,4.95,2,1968
Ranbir Kapoor,7.2,2,1928
Rami Malek,5.3,2,6000
Rainn Wilson,5.1,1,973
Rae'Ven Kelly,7.2,1,90
Rae Dawn Chong,7.4,1,581
Radivoje Bukvic,6.4,1,150
Radha Mitchell,6.471428571,7,6938
Rachel True,6.5,1,328
Rachel Skarsten,6,1,371
Rachel Hendrix,5.75,2,1088
Rachel Griffiths,6.65,2,1156
Rachel Dratch,6.8,1,399
Rachel Ann Mullins,4.6,1,31000
Rachel Alig,5.4,1,397
Rachael Carpani,6.9,1,181
R. Brandon Johnson,5.45,2,338
Quvenzhané Wallis,6.866666667,3,6000
Quinton Aaron,6.4,1,734
Quincy Jones,7.3,1,340
Quentin Tarantino,7.42,5,80000
Qi Shu,6.4,1,1000
Q'orianka Kilcher,5.1,2,1358
Purva Bedi,6.7,1,250
Pruitt Taylor Vince,5.9,1,592
Poppy Montgomery,6.7,1,654
Piper Laurie,6.7,1,303
Pink,6.4,1,836
Pierre Perrier,8.3,1,164
Piero Maggiò,2.6,1,12
Phyllida Law,6.8,1,60
Phoebe Legere,5.1,1,40
Phoebe Cates,7.2,1,767
Philippe Nahon,7.4,1,56
Philippe Leroy,7.4,1,12
Philip Seymour Hoffman,7.24,20,440000
Philip Baker Hall,5.65,2,994
Phil Vischer,6.6,1,23
Phil Davis,7.4,1,386
Phaldut Sharma,7.8,1,39
Pfeifer Brown,4.2,1,220
Peter Vaughan,7.2,1,310
Peter Ustinov,7.2,1,440
Peter Serafinowicz,8,1,605
Peter Robbins,8.4,1,39
Peter Ostrum,7.8,1,240
Peter Mensah,6.5,2,2000
Peter McQuinn,5.7,1,121
Peter McNamara,6.6,1,419
Peter Greene,6.25,4,3156
Peter Graves,7.8,1,628
Peter Gallagher,7.3,3,2484
Peter Fonda,7.1,2,804
Peter Firth,6.3,1,141
Peter Dinklage,6.676923077,13,286000
Peter Coyote,6.233333333,3,1644
Peter Capaldi,7,1,17000
Pelé,7.3,1,102
Pedro Armendáriz Jr.,7.8,1,67
Paz Vega,5.7,1,963
Paz de la Huerta,7.3,1,488
Paulette Goddard,8.6,1,309
Paula Garcés,4.5,1,587
Paul Walker,6.255555556,18,414000
Paul Sorvino,6.6,4,2542
Paul Sheehan,3.9,1,473
Paul Schneider,7.5,1,552
Paul Ogola,7.4,1,147
Paul McGillion,5.2,1,405
Paul McGill,7.8,1,41
Paul McCartney,7.7,1,785
Paul Kaye,7.4,1,326
Paul Hogan,5.733333333,3,1326
Paul Hickert,6.3,1,110
Paul Guilfoyle,6.5,1,210
Paul Daniel Ayotte,6.7,1,111
Paul Brooke,6.4,1,51
Patton Oswalt,7.15,2,1572
Patrick Renna,5.2,1,590
Patrick O'Donnell,6.7,1,10
Patrick Macnee,6.45,2,2000
Patrick Kilpatrick,6.2,1,488
Patrick Huard,6.6,1,50
Patrick Fugit,7.366666667,3,2505
Patricia Tallman,7.6,1,901
Patricia Neal,7.9,1,617
Parry Shen,7.2,1,94
Pamela Reed,6.2,1,324
Pam Ferris,6.4,1,771
Paige Turco,4.8,1,533
Padraic Delaney,7.5,1,97
Paddy Considine,7.125,4,2720
Pablo Sevilla,7,1,0
Pablo Rago,6.7,1,20
P.J. Soles,4.6,1,598
Otto Jespersen,7,1,29
Óscar Jaenada,6.8,1,619
Osama bin Laden,7.5,1,503
Ornella Muti,6.3,1,385
Orlando Bloom,7.333333333,3,15000
Oprah Winfrey,6.933333333,3,2556
Omari Hardwick,6.025,4,4000
Omar Sy,7.2,1,1000
Omar Epps,6.34,5,4325
Olivier Martinez,6.525,4,3349
Olivia Williams,6.35,2,1532
Olivia Wilde,6.066666667,6,60000
Olivia Rose Keegan,4.3,1,216
Olivia Newton-John,7.2,1,1000
Olivia Munn,5.666666667,3,6000
Oliver Reed,7.733333333,3,2084
Oliver Platt,6.21,10,10000
Oliver James,5.9,1,1000
Oliver Hudson,4.9,2,1214
Ólafur Darri Ólafsson,8.2,1,147
Oksana Akinshina,7.9,1,129
Ohad Knoller,7.3,1,53
Odeya Rush,6.4,2,4000
Odessa Rae,7.1,1,109
Ocean James,6.2,1,432
Numan Acar,6.6,1,374
Noureen DeWulf,2.7,1,700
Norman Reedus,6.533333333,6,72000
Norman Lloyd,7.6,1,472
Norma Aleandro,7.2,1,24
Norbert Ferrer,6.9,1,55
Nora Zehetner,5.5,1,446
Nora Dunn,4.3,1,142
Nolan Gerard Funk,3.9,1,924
Noel Gugliemi,5.875,4,8000
Noel Fisher,5.725,4,3332
Noam Chomsky,8.3,2,206
Noah Taylor,7.6,2,1018
Noah Segan,4.4,1,236
Noah Huntley,7.6,1,133
Noah Emmerich,7,1,617
Noah Danby,3.3,1,178
Noah Bean,6.5,1,293
Nissim Renard,6.4,1,23
Nirut Sirichanya,6.2,1,64
Nimrat Kaur,8.5,1,85
Nicole Smolen,6.9,1,210
Nicole Randall Johnson,6.2,1,363
Nicole Muñoz,6.8,1,199
Nicole Dionne,5.7,1,94
Nicole Beharie,6.6,2,1796
Nicole Ari Parker,6.5,1,360
Nicole 'Snooki' Polizzi,6.6,1,341
Nicolas Giraud,6.4,1,24
Nicolas Cage,6.118181818,33,396000
Nicki Aycox,5.6,1,296
Nick Wechsler,7.1,1,666
Nick Stahl,7,2,1296
Nichole Ceballos,5.4,1,5
Nicholas Rowe,6.8,1,155
Nicholas Lea,5.9,1,867
Nicholas Hamilton,5.2,1,147
Nicholas Gonzalez,5.166666667,3,1803
Nicholas Aaron,8.1,1,21
Nia Vardalos,6.2,3,1701
Nia Long,5.916666667,6,4956
Neil Hopkins,3.3,1,231
Nehemiah Persoff,8.3,1,105
Necati Sasmaz,6,1,205
Necar Zadegan,5.2,1,344
Nawazuddin Siddiqui,7.8,1,638
Nathan Lane,5.6,2,1772
Nathalie Fay,6.3,1,227
Nate Richert,6.6,1,870
Nate Parker,6.95,2,1328
Natasha Lyonne,6.383333333,6,6000
Natasha Henstridge,5.3,3,2700
Natascha McElhone,5.7,2,4000
Nataniel Sánchez,7.2,1,3
Natalie Zea,7.5,1,841
Natalie Portman,6.79375,16,320000
Nat Wolff,6.4,1,733
Naseeruddin Shah,6.85,2,614
Naomi Watts,6.70625,16,96000
Nandita Das,7.8,1,113
Nancy O'Dell,5.4,1,71
Nancy Allen,7.4,1,517
Najarra Townsend,7.4,1,538
Naderev Sano,7,1,0
Myrna Loy,8.1,1,749
MyAnna Buring,6.233333333,3,1539
Mustafa Haidari,7.6,1,283
Muse Watson,5.42,5,225000
Murray Bartlett,6.1,1,141
Moritz Bleibtreu,7.6,2,972
Morgana O'Reilly,6.8,1,61
Morgan Saylor,7.4,1,427
Morgan Freeman,6.752,25,275000
Montgomery Clift,7.666666667,3,2586
Monique Gabriela Curnen,6.2,1,239
Monique Candelaria,5.5,1,696
Monica Potter,5.4,1,878
Monica Calhoun,5.3,1,597
Monica Barladeanu,7.1,1,129
Molly Parker,6,1,611
Molly C. Quinn,4.3,1,707
Mo'Nique,5.475,8,7514
Mitsuo Iwata,8.1,1,6
Mitch Pileggi,5.9,1,826
Misha Gabriel Hamilton,7.3,1,433
Miriam Margolyes,6.575,4,1620
Mireille Enos,5.7,2,2000
Mircea Monroe,4.9,1,633
Miranda Richardson,6.8,1,530
Miranda Cosgrove,6.25,2,4000
Mira Sorvino,5.94,5,4890
Minnie Driver,7.214285714,7,6251
Ming-Na Wen,5.066666667,3,6000
Min-sik Choi,8.066666667,3,2151
Milla Jovovich,6.06875,16,224000
Mila Kunis,6.466666667,9,135000
Miko Hughes,6.5,2,1938
Mike Vogel,6.666666667,3,6000
Mike Tyson,7.2,1,461
Mike Starr,6.275,4,3416
Mike Stanley,5.2,1,385
Mike Howard,7.1,1,378
Mike Figueroa,6.2,1,343
Mike Epps,5.45,2,1412
Mike Beckingham,2.2,1,358
Mikal Vega,3.4,1,741
Miguel Ferrer,6.266666667,3,2064
Mick Jagger,7.2,1,543
Michiel Huisman,7.4,3,6000
Michelle Simone Miller,4.5,1,118
Michel Robin,7.8,1,23
Michaela Conlin,7.9,1,1000
Michael Wong,5.3,1,91
Michael Wincott,7.366666667,3,2161
Michael Stuhlbarg,7,1,816
Michael Smiley,7,3,531
Michael Raymond-James,6.8,1,788
Michael Rapaport,6.3,4,3900
Michael Pollan,7.9,1,37
Michael O'Neill,7.6,1,599
Michael Nyqvist,7.85,2,1380
Michael Nouri,6.1,1,225
Michael Moore,7.2,4,3636
Michael McKean,6.35,2,1316
Michael Kelly,6.425,4,3852
Michael Joiner,6.4,1,77000
Michael Jeter,6.15,2,1386
Michael Jai White,5.066666667,9,18000
Michael J. Pollard,6.2,1,206
Michael Imperioli,5.92,5,4365
Michael Gross,5.3,1,536
Michael Greyeyes,7.2,1,912
Michael Gough,5.925,4,3680
Michael Fassbender,6.65,10,130000
Michael Emerson,7.333333333,3,6000
Michael Dudikoff,4.7,1,615
Michael Des Barres,4.5,1,156
Michael Derek,7.2,1,128
Michael Biehn,6.422222222,9,18000
Michael Berryman,4.366666667,3,2163
Michael Angarano,6.575,4,3788
Michael Abbott Jr.,7.3,1,35
Micah Sloat,6.3,1,189
Mia Wasikowska,6.75,2,6000
Mia Sara,5.8,1,664
Mía Maestro,6.95,2,682
Mia Kirshner,6.2,1,972
Mia Farrow,6.6,2,1126
Mhairi Calvey,8.4,1,906
Meryl Streep,6.823076923,13,143000
Merritt Wever,6.2,1,529
Merab Ninidze,7.7,1,56
Mem Ferda,6.55,2,62000
Melissa Sagemiller,3.9,1,159
Melissa Bolona,3.4,1,11000
Melinda Clarke,6.8,2,1574
Melina Kanakaredes,6.7,1,394
Melanie Papalia,3.9,1,259
Melanie Griffith,6.55,2,1074
Mel Blanc,7.5,1,1000
Mekhi Phifer,6.28,5,5000
Mei Melançon,6.6,1,191
Mehcad Brooks,6.05,2,1392
Meghan Ory,4.6,1,889
Megan Park,5.7,1,569
Meg Foster,7.3,1,355
Meat Loaf,5.166666667,3,2349
Mckenna Grace,8,1,502
Maximilian Schell,8.3,1,877
Maximilian Dirr,5.7,1,61
Max Riemelt,7.6,1,287
Max Minghella,6.05,2,1228
Maury Chaykin,4.3,1,232
Maureen McCormick,2.2,1,458
Maura Tierney,6.75,2,1018
Matthew Ziff,6.2,3,780000
Matthew Settle,4.6,1,477
Matthew Senreich,7.8,1,11
Matthew Perry,5.933333333,3,6000
Matthew McConaughey,6.73,20,220000
Matthew Emerick,7.1,1,431
Matthew Broderick,6.427272727,11,22000
Matthew Alan,6.3,1,86
Matt Walsh,6.05,2,980
Matt Smith,5.8,1,2000
Matt Shively,4.6,1,235
Matt Price,7.4,1,134
Matt Lucas,6.8,1,722
Matt Frewer,7,2,1972
Matt Damon,6.983333333,30,390000
Matt Cohen,4.1,1,487
Matt Bomer,6.125,4,80000
Matt Bennett,4.6,1,189
Matisyahu,7.5,1,178
Mathieu Kassovitz,8.4,1,326
Mathieu Amalric,6.3,2,824
Mathew Buck,7.2,1,5
Mary-Kate Olsen,5.9,2,1952
Mary McDonnell,8,1,933
Mary Lynn Rajskub,6.3,3,2802
Mary Kate Wiles,8.3,1,84
Mary Elizabeth Mastrantonio,7.1,1,638
Martin Starr,5.1,2,1970
Martin Short,7.275,4,3080
Martin Landau,6.577777778,9,8460
Martin Kove,6.166666667,3,2004
Martin Dew,6.7,1,204
Marshall Bell,8.1,1,217
Marshal Hilton,4.3,1,471
Marsha Thomason,4.9,1,691
Marri Savinar,6.2,1,471
Marlon Brando,6.975,4,40000
Marley Shelton,5.133333333,3,2070
Marlee Matlin,5.4,1,847
Mark Zupan,7.8,1,15
Mark Valley,4.7,1,774
Mark Rylance,6.8,1,535
Mark Margolis,6.775,4,4000
Mark Gatiss,6.8,2,1134
Mark Fantasia,4,1,814
Mark Duplass,6.65,2,1660
Mark Chinnery,8.2,2,1088
Mark Addy,6.633333333,3,2673
Marisa Saks,3.5,1,31000
Marina Vlady,7.4,1,27
Marina Golbahari,7.4,1,30
Marilyn Rising,7.3,1,142
Marie-Josée Croze,7.7,1,150
Maricel Álvarez,7.5,1,30
Maribel Verdú,7.7,1,269
Mariah Carey,2.1,1,736
María Valverde,5.7,1,892
Maria Pia Calzone,8.7,1,18
Maria Conchita Alonso,3.2,1,571
Margot Kidder,5.85,2,1186
Margaret Hamilton,8.1,1,695
Marco Treviño,6.9,1,562
Marco St. John,5.1,1,403
Marcello Mastroianni,6.4,1,866
Marcell Nagy,7.1,1,9
Marcela Mar,6.4,1,267
Marc Blucas,4.966666667,3,2919
Mara Wilson,4.5,2,2000
Manuela Velasco,7.5,1,120
Manny Perez,6.9,1,159
Manish Dayal,7.3,1,820
Mani Bharathi,7,1,109
Malese Jow,5.4,1,1000
Mako,5.6,2,1382
Maika Monroe,6.9,1,314
Mahadeo Shivraj,5.5,1,383
Magi Avila,3.9,1,92
Maggie Cheung,6.9,1,576
Maeve Dermody,6.1,1,130
Mae West,6.5,1,418
Madison Pettis,4.2,1,835
Madeline Kahn,7.333333333,6,6000
Madeline Carroll,6.04,5,5000
Mackenzie Gray,6.1,1,253
Mackenzie Foy,7.7,2,12000
Mackenzie Davis,6.1,1,363
Macaulay Culkin,6.55,6,18000
M. Emmet Walsh,4.7,1,521
Lynn Cohen,5.65,2,948
Lupe Ontiveros,7.15,2,1250
Luke Newberry,6.8,1,358
Luke Grimes,5.6,1,935
Luke Bracey,6.5,2,1550
Luis Tosar,7.45,2,662
Luis Sanchez,4.3,1,472
Luenell,7.3,1,332
Lucille Ball,7.2,1,6000
Lucas Grabeel,4.833333333,3,2265
Lubna Azabal,8.2,1,131
Louise Fletcher,5.5,1,425
Louise Brooks,8,1,426
Louise Bourgoin,7.2,1,295
Louis Lombardi,5.666666667,3,1309
Louis Koo,5.7,1,82
Louis Jourdan,6.6,1,594
Lou Taylor Pucci,6.5,1,394
Lorraine Stanley,7,1,418
Lorraine Bracco,6,1,472
Loretta Devine,5.833333333,3,2736
Long Nguyen,7.4,1,51
Lois Smith,7.6,1,276
Logan Lerman,6.757142857,7,56000
Logan Browning,7.2,1,628
Lochlyn Munro,4.45,2,1110
LL Cool J,5.25,6,6000
Liza Minnelli,5.6,1,740
Liv Ullmann,7.5,2,880
Lisa Wilcox,5.1,1,321
Lisa Edelstein,6.4,1,955
Lisa Ann Walter,5.9,2,2000
Lisa Ann,5.3,1,502
Linnea Quigley,6.366666667,3,1293
Lindsay Kay Hayward,6.1,1,31
Linda Harrison,6.1,1,220
Linda Cardellini,6.666666667,3,6000
Linda Blair,3.7,1,931
Lin Shaye,5.885714286,7,5964
Lily Tomlin,6.85,2,1436
Lily Rabe,4.7,1,763
Lily Cole,5.8,1,785
Lily Atkinson,6.3,1,328
Lillian Gish,8,1,436
Lilli Lavine,6.9,1,11
Lili Taylor,6.6,1,960
Liam Neeson,6.472413793,29,406000
Liam Aiken,5.7,4,3272
Li Gong,6.883333333,6,5272
Lexie Contursi,5.9,1,28
Lew Temple,7.1,1,597
Levon Helm,7.5,1,572
Leven Rambin,5.3,1,956
LeVar Burton,7.025,4,4000
Leslie Bibb,5.65,4,4000
Lesley-Anne Down,7,1,187
Lesley Manville,7.2,2,298
Leopold Stokowski,7.8,1,16
Leonor Varela,5.9,1,426
Leonid Yarmolnik,6.7,1,4
Leonardo DiCaprio,7.495238095,21,609000
Leonard Roberts,6.55,2,1924
Leonard Nimoy,6.65,8,96000
Leon Isaac Kennedy,5.8,1,116
Leon,3.6,1,730
Lena Olin,6.35,2,1082
Lena Horne,5.2,1,738
Lena Dunham,6.125,4,3876
Lemmy,6.1,1,268
Leighton Meester,5.633333333,3,9000
Leehom Wang,5.1,1,163
Lee Scott,6.8,1,0
Lee Remick,7.6,2,528
Lee Marvin,7.466666667,3,2268
Lee Majors,6.3,1,799
Leah Remini,6.7,1,909
Lea Thompson,6.583333333,6,6000
Lea Michele,5.5,2,4000
Lawrence Gilliard Jr.,5.9,1,353
Laurence Olivier,5.966666667,3,3000
Lauren Holly,6.8,2,1758
Lauren Gottlieb,6.4,1,733
Lauren German,7.4,1,683
Lauren Cohan,6,1,4000
Lauren Ambrose,6.3,1,945
Laura-Leigh,7,1,740
Laura Ramsey,4.633333333,3,2880
Laura Morante,6.5,1,60
Laura Harring,6.35,2,1338
Laura Fraser,6.3,1,601
Lars Mikkelsen,7.3,1,573
Larry Miller,5.25,2,1222
Larry David,7.4,2,1720
Lara Jill Miller,5.9,1,93
Lane Smith,6.4,1,633
Landon Liboiron,6.5,1,1000
Lamman Rucker,3.5,1,607
Lambert Wilson,6.65,2,372
Lalaine,3.2,1,502
Laila Haley,5.2,1,1000
Kyra Sedgwick,5.933333333,3,2823
Kylie Minogue,7.1,1,690
Kyle Hebert,6.3,1,324
Kurtwood Smith,6.633333333,3,3000
Kurt Fuller,7.7,1,617
Kumar Gaurav,7.4,1,12
Krystyna Janda,9.1,2,40
Kristy Swanson,5.3,1,578
Kristin Scott Thomas,7.275,4,4000
Kristin Lehman,6.7,1,187
Kristen Stewart,6.435714286,14,238000
Kristen Seavey,3.3,1,370
Kristen Quintrall,4.2,1,166
Krista Allen,5.8,2,328000
Konstantin Lavronenko,8,1,20
Konstantin Khabenskiy,6.033333333,3,342
Kôji Yakusho,7.4,1,89
Kirsten Dunst,6.636363636,11,44000
Kirk Fox,6,1,109
Kirk Cameron,6.5,1,848
Kirby Heyborne,6.2,2,138
Kip Pardue,7.3,1,374
Kimberly Williams-Paisley,6,1,529
Kimberly J. Brown,6.7,1,409
Kimberly Elise,7.3,1,637
Kimberley Crossman,8.7,1,467
Kim-Marie Woodhouse,6.6,1,5
Kim Shaw,6.2,1,934
Kim Director,4,1,193
Kim Dickens,7,1,624
Kieran Culkin,6.725,4,4000
Ki Hong Lee,6.6,2,1976
Khandi Alexander,6.25,2,1112
Khalid Abdalla,8.1,1,161
Kevin Zegers,5.46,5,10000
Kevin Sussman,5.3,1,681
Kevin Spacey,7.15,22,396000
Kevin Scott Richardson,7.1,1,262
Kevin Rankin,5.7,1,820
Kevin Pollak,5.75,2,1148
Kevin P. Farley,3.2,1,143
Kevin Nash,6,1,642
Kevin McNally,6.35,2,854
Kevin Howarth,5.6,1,19
Kevin Grevioux,5.6,1,593
Kevin Corrigan,6.6,3,2334
Kevin Alejandro,5.3,1,1000
Kerry Bishé,6.4,1,296
Keri Maletto,4.3,1,569
Kenny Johnston,6.8,1,327
Kenneth Tobey,6.7,1,57
Kendyl Joi,5.6,1,23
Ken Howard,6.35,2,1298
Ken Burns,7.4,1,196
Ken Arnold,5,1,327
Kelsey Grammer,5,1,808
Kelly Rutherford,5.5,1,287
Kelly Preston,5.85,4,2969
Kelly Macdonald,7.1,5,10000
Kelly Carlson,4.7,1,472
Kelli Garner,6.233333333,3,2190
Keith Carradine,5.15,2,1168
Keisha Castle-Hughes,7.2,2,892
Keir Dullea,8.3,1,273
Keenan Wynn,7,1,277
Keanu Reeves,6.741666667,24,432000
Kayvan Novak,7.3,1,414
Kayla Jackson,3.4,1,25
Kay Panabaker,5.9,1,720
Katy Mixon,6.9,2,1964
Katrina Law,3.1,1,835
Katrina Kaif,7.3,1,3000
Katrina Bowden,6.533333333,3,2844
Katie Aselton,4.7,1,224
Kathleen Wilhoite,5.7,1,265
Kathleen Turner,4.6,2,1798
Kathleen Quinlan,6.9,1,551
Kathleen Freeman,7.9,1,145
Katherine McNamara,5.9,1,19000
Katharine Ross,6.9,2,1280
Katharine Isabelle,5.9,2,1836
Kath Soucie,6.35,2,608
Kate Winslet,7.035714286,14,196000
Kate Upton,5.1,1,971
Kate Maberly,5.7,1,416
Kasia Smutniak,6.5,1,211
Karra Elejalde,7.2,1,123
Karl Malden,7.3,1,416
Karl E. Landler,5.8,1,533
Karisma Kapoor,4.5,2,706
Karin Viard,7.4,1,68
Kari J. Kramer,5,1,731
Karen Allen,6.4,1,784
Karen Alexander,7,1,0
Kang-ho Song,7.3,1,398
Kane Hodder,4.875,4,3740
Justin Timberlake,5.742857143,7,21000
Justin Theroux,6.133333333,3,3000
Justin Kirk,5.7,1,945
Justin Gordon,5.8,1,35
Justin Fletcher,8.3,1,45
Justin Chon,5.25,2,1104
Justin Baldoni,5.3,1,657
Jurnee Smollett-Bell,6.65,2,4000
Jürgen Prochnow,8.4,1,362
Jung-min Hwang,7.7,1,45
Juliet Stevenson,7,1,202
Julie Walters,7.466666667,3,2514
Julie Christie,7.866666667,3,1791
Julie Benz,6.1,5,15000
Julianne Gabert,3.7,1,252
Julianna Pitt,5.4,1,785
Julianna Guill,4.1,1,465
Julian Sands,6.08,5,3435
Julian Richings,5.9,2,1296
Julian Morris,5.25,4,4000
Julian Glover,4.95,2,1688
Julia Roberts,6.264705882,17,136000
Julia Ormond,6.3,2,1837
Julia Jentsch,7.4,1,61
Judy Marte,6.9,1,68
Judy Greer,6.169230769,13,26000
Judith O'Dea,8,2,250
Judith Chapman,5.1,1,44
Judith Barsi,5.05,2,1824
Judith Anderson,6.2,1,197
Judie Aronson,5.9,1,158
Judge Reinhold,6.4,3,2703
Jossara Jinaro,3.9,1,847
Joshua Ray Bell,6.6,1,288
Josh Wingate,5.7,1,865
Josh Swanson,7.6,1,53
Josh Hutcherson,6.4,10,140000
Josh Gad,6.95,2,2000
Josh Charles,6.55,2,2000
Joseph Gordon-Levitt,6.911764706,17,391000
Joseph Gilgun,6.866666667,3,2364
Joseph Cotten,7.166666667,3,1407
Joseph Campanella,4.1,1,32
Jørgen Langhelle,7.6,1,117
Jorge Luis Moreno,6.2,1,78
Jordi Vilasuso,6,1,160
Jordi Mollà,6.15,2,1754
Jordana Spiro,6.1,1,262
Jordana Brewster,5.85,2,8000
Jonathan Winters,6.133333333,3,2772
Jonathan D. Mellor,6.6,1,37
Jonathan Brandis,6.4,1,761
Jonathan Blow,7.7,1,0
Jon Seda,6.7,1,565
Jon Mack,5.7,1,924
Jon Lovitz,5.957142857,7,77000
Jon Heder,5.675,4,3880
Jon Hamm,6.32,5,20000
Jon Gries,5.8,1,482
Jon Foo,6.45,2,1556
Jon Favreau,6.155555556,9,36000
Jon Brion,7.6,1,45
Johnny Pacar,4.45,2,2000
Johnny Lewis,3.9,1,741
Johnny Depp,6.736585366,41,1640000
Johnny Cannizzaro,6.9,1,880
John Witherspoon,5.45,4,2892
John Vernon,6.7,1,187
John Saxon,6.6,1,506
John Savage,5.5,1,652
John Robinson,7.1,1,375
John Ratzenberger,7.966666667,3,3000
John Newton,5.4,1,236
John Michael Higgins,6.633333333,3,2871
John Mahoney,6.1,1,385
John Karyus,6.2,1,907
John Kapelos,5.7,1,510
John Howard,6.4,1,172
John Heard,7,2,1394
John Gilbert,8.3,1,81
John Gatins,5.9,1,61
John Forsythe,8,1,255
John F. Kennedy,8.1,1,168
John Enos III,7.3,1,465
John Doman,8,1,616
John Doe,6.4,1,181
John de Lancie,6,2,1810
John Cothran,7.8,1,27
John Cassavetes,7.1,2,1834
John Cameron Mitchell,7.8,1,263
John Boyega,6.6,1,1000
John Belushi,7.75,2,2000
John Beasley,7.2,1,205
John August,6.6,1,86
John Astin,3.2,1,641
John Amos,5.466666667,3,2946
John Abraham,7.8,1,1000
Johannes Silberschneider,7.7,1,24
Johanna Braddy,5.8,1,581
Joey D. Vieira,4.8,1,729
Joely Richardson,5.8,2,1168
Joel Moody,7.1,1,52
Joel McHale,6.2,1,734
Joel David Moore,5.7,1,936
Joel Courtney,6.85,2,2000
Joe Morton,7.5,3,2340
Joe Mantegna,6.071428571,7,7000
Joe Lo Truglio,6.1,4,3332
Joe Estevez,3.9,1,625
Joe Don Baker,6.7,1,387
Joe Cross,7.6,1,65
Joe Cocker,8.1,1,262
Jodi Lyn O'Keefe,7,1,897
Joaquim de Almeida,5.4,2,1156
Joanna Kulig,7.4,1,88
Joan Rivers,7.1,1,1000
Joan Plowright,5.7,1,330
Joan Chen,7.6,1,643
Joan Allen,7.9,2,1610
Jo Hartley,6.9,1,49
Jizelle Jade,6.1,1,33000
Jimmy Shergill,4.7,1,327
Jimmy Fallon,4.5,2,1574
Jimmy Bennett,6,8,696000
Jimi Mistry,7,1,183
Jim Sturgess,7.375,4,20000
Jim Parsons,6.7,4,68000
Jim Meskimen,8.1,1,272
Jim Gaffigan,5.633333333,3,1416
Jim Carter,6.1,1,439
Jim Broadbent,6.494444444,18,18000
Jim Belushi,6.4,4,3416
Jill Hennessy,5.9,1,419
Jill Clayburgh,6.2,1,433
Jiao Xu,6.5,1,46
Jet Li,6.644444444,9,45000
Jessy Schram,6.2,1,813
Jessie T. Usher,6.7,1,116
Jessica Tandy,7.5,1,509
Jessica Szohr,6.9,1,847
Jessica Paré,7,2,978
Jessica Lowndes,4.3,2,2000
Jessica Barden,6.8,1,157
Jesse McCartney,5.1,2,2000
Jess Weixler,5.4,1,386
Jerry Stiller,4.166666667,3,2157
Jerry Mathers,7.2,1,282
Jerry Ferrara,7,2,960
Jeremy W. Auman,6.8,1,3
Jeremy Shada,7.2,1,860
Jeremy Renner,6.877777778,9,90000
Jeremy Irvine,6.5,4,100000
Jeremy Davies,7.1,2,1538
Jeremy Brett,7.9,1,453
Jere Burns,4.8,1,460
Jensen Ackles,6.45,2,20000
Jenny Agutter,5.7,1,659
Jennifer Saunders,7.7,1,309
Jennifer Lawrence,7.046666667,15,510000
Jennifer Lafleur,6.8,1,873
Jennifer Jason Leigh,6.855555556,9,9000
Jennifer Hudson,5.2,2,1098
Jennifer Hale,4,1,918
Jennifer Garner,6.244444444,9,27000
Jennifer Freeman,3.5,1,389
Jennifer Esposito,4.4,2,1822
Jennifer Ehle,6.3,5,5000
Jenna Fischer,5.866666667,3,2898
Jelena Jovanova,4.3,1,306
Jeffrey Jones,5.15,2,1384
Jeffrey Frost,7.5,1,6
Jeffrey Falcon,6.7,1,33
Jeffrey Combs,5.6,1,885
Jeff Kober,5.1,1,919
Jeff Fahey,5.4,1,535
Jeff Bridges,6.638888889,18,216000
Jeff Bennett,7.1,1,283
Jeanne Tripplehorn,6.233333333,3,2133
Jeanne Moreau,7.9,1,343
Jean-Pierre Léaud,7.2,1,232
Jean-Paul Belmondo,7.7,1,710
Jean-Louis Trintignant,8.1,1,319
Jean-Baptiste Maunier,7.9,1,517
Jean Harlow,7.8,1,431
Jean Arthur,8,1,319
Jay Mohr,6.1,1,563
Jay Laga'aia,6.5,1,125
Jay Hernandez,6.04,5,5000
Javier Botet,7.1,3,3000
Jasper Cole,5.5,1,1000
Jason Stuart,5.4,1,990
Jason Statham,6.546153846,26,676000
Jason Robards,5,1,372
Jason Ritter,5.8,1,782
Jason Priestley,6,2,942
Jason Patric,6.1,3,2019
Jason Momoa,5.3,1,11000
Jason Mewes,5.7,2,1796
Jason Marsden,6,1,1000
Jason London,4.6,1,711
Jason K. Wixom,3.5,1,214
Jason Flemyng,5.7,7,7000
Jason Alexander,5.9,1,700
Janet Leigh,7.75,2,1212
Janet Jackson,5.9,1,592
Janeane Garofalo,6.4,5,5000
Jane Goodall,7,1,21
Jane Fonda,5.9,1,949
Jan Haley,6.6,1,695
Jan Decleir,7.8,1,25
Jamie Renée Smith,5.8,1,650
Jamie Lee Curtis,6.291666667,12,24000
Jamie Kennedy,2.2,1,490
James Wolk,6,1,938
James Wilcox,5.1,1,683
James Urbaniak,6.3,1,119
James Ransone,5.5,1,412
James Nesbitt,7.15,4,3092
James Morrison,7.7,1,210
James Mason,7.3,5,3087
James Martin Kelly,5.9,1,394
James Lafferty,6.5,1,972
James Kyson,5.2,1,449
James Hetfield,7.2,1,364
James Franco,6.707142857,14,154000
James Frain,4.4,1,1000
James Duval,6.7,1,701
James Drury,6.2,1,356
James D'Arcy,6.25,2,1226
James Corden,6.266666667,3,1440
James Coburn,6.9,4,3092
James Callis,6.3,1,541
James Cagney,8,1,786
James Brown,7.2,1,183
James Brolin,6.9,1,499
James Babson,6.8,1,366
Jamel Debbouze,4.9,1,326
Jake Gyllenhaal,6.82,15,225000
Jake Busey,7.2,1,660
Jaime King,5.4,2,1921
Jaime Camil,6,1,274
Jada Pinkett Smith,6.3,7,5957
Jacques Perrin,8,1,63
Jacqueline McKenzie,6.6,1,185
Jacob Vargas,5.8,1,399
Jacob Tremblay,5.4,1,681
Jackson Nicoll,6.6,1,925
Jackie Gleason,8.7,1,491
Jack Warden,8.9,1,359
Jack Reynor,6.4,1,390
Jack Palance,6.8,1,549
Jack McGee,5.4,1,238
Jack McBrayer,6.166666667,3,2925
Jack Kao,7.4,1,11
Jack E. Curenton,4.1,1,847
Jack Davenport,6.1,1,1000
Jacinda Barrett,7.6,1,579
Jacek Koman,7.4,1,70
J.K. Simmons,6.674193548,31,744000
J.D. Williams,7.2,1,196
J.D. Evermore,5.9,1,430
Izabella Scorupco,7.2,1,394
Ivana Milicevic,5.066666667,3,2502
Ivana Baquero,8.2,1,634
Iulia Ciochina,6.5,1,0
Isaiah Washington,5.5,1,534
Isabelle Huppert,7.25,2,1356
Isabelle Adjani,6.9,1,572
Isabella Rossellini,6.866666667,3,2436
Isaac Hempstead Wright,6.65,2,1748
Isaac Hayes,7.4,1,275
Isaac C. Singleton Jr.,7.5,1,312
Irvin Kershner,7.6,1,883
Irene Bedard,6.5,1,752
Ioan Gruffudd,5.95,4,8000
Ingvar Eggert Sigurðsson,6.9,1,63
Indira Varma,6.1,2,1458
Imelda Staunton,6.85,2,1158
Illeana Douglas,7.05,2,691
Ilene Graff,6.7,1,442
Iko Uwais,7.6,1,1000
Iben Hjejle,5.7,1,122
Ian Ziering,4.65,2,1968
Ian Whyte,2.7,1,473
Ian Tracey,5.3,1,144
Ian Somerhalder,6.3,3,48000
Ian McNeice,6.9,1,268
Ian McDiarmid,6.7,1,1000
Ian Gamazon,6.3,1,0
Hunter Parrish,7,2,4000
Humphrey Bogart,7.9,2,4000
Hulk Hogan,5.3,1,844
Hugh M. Hefner,5.95,2,746
Hugh Keays-Byrne,7,1,728
Hugh Jackman,6.752380952,21,420000
Hope Davis,6.95,2,884
Honor Blackman,7.8,1,387
Honglei Sun,5.7,2,18
Holly Hunter,7.044444444,9,9000
Hiroshi Abe,6,1,43
Hill Harper,6.5,1,465
Henry Thomas,7,3,2583
Henry Silva,7.5,1,251
Henry Ian Cusick,6.7,3,2598
Henry Cavill,6.828571429,7,105000
Heike Makatsch,7.3,1,177
Hedy Lamarr,7.1,1,1000
Hector Kotsifakis,7.7,1,623
Hector Elizondo,6.05,4,3980
Hector Echavarria,4.3,1,466
Heather O'Rourke,7.4,2,1774
Heather Matarazzo,6.45,2,1058
Heather Locklear,5.533333333,3,2085
Heather Donahue,6.4,1,170
Heather Berman,7.5,1,0
Heath Ledger,6.66,5,65000
Hayley Atwell,6.7,3,6000
Hayden Christensen,5.783333333,6,24000
Hattie McDaniel,8.2,1,503
Harvey Fierstein,6.1,1,499
Harry Styles,4.1,1,773
Harry Lennix,6.133333333,3,2244
Harry Carey Jr.,7.4,1,281
Harrison Gilbertson,7.1,1,174
Harrison Ford,7.159259259,27,297000
Harold Ramis,7,1,11000
Harold Perrineau,6.46,5,5000
Hansika Motwani,5.1,1,141
Hanno Pöschl,8.1,1,15
Hanne Aagesen,8.1,1,0
Haley Ramm,5.8,1,353
Haley Joel Osment,5.88,5,15000
Hal Landon Jr.,7.4,1,195
Hal Holbrook,7.4,1,826
Gustaf Skarsgård,6.6,1,908
Gunnar Hansen,6.6,3,1149
Grey Damon,7.5,1,629
Gretchen Mol,6.85,2,1198
Greta Gerwig,6.366666667,3,2886
Gregory Smith,6,3,2082
Gregory Scott Cummins,6.4,1,37
Greg Nicotero,7.2,2,2000
Greg Grunberg,5.4,2,1666
Greg Germann,5.9,1,435
Greg Crowe,6.4,1,875
Greg Ayres,7.2,1,58
Grace Phipps,6.4,1,596
Gordon Pinsent,7.2,1,149
Goran Visnjic,6.966666667,3,3000
Gloria Grahame,6.7,1,232
Glenn Plummer,6.4,1,240
Glenn Morshower,5.9,3,2682
Glenn Campbell,4.2,1,46
Glen Hansard,7.9,1,200
Gladys Cooper,7.1,1,89
Ginger Rogers,7.75,2,1220
Gina Lollobrigida,6.5,2,1492
Gillian White,6.5,1,1000
Gideon Emery,4.8,1,430
Giancarlo Giannini,6.7,1,451
Gerry Lopez,7.9,1,52
Gerry Bednob,6.6,1,218
Gerard Butler,6.563636364,22,396000
Geraldine Chaplin,7.5,1,382
Gerald McRaney,7.4,1,523
George Peppard,6.4,2,1338
George Newbern,5.3,1,647
George Kennedy,6.3,7,21000
George Coe,3.5,1,488
George Carlin,6.6,1,769
George C. Scott,8.166666667,3,1962
Geoffrey Arend,7.1,1,816
Geoff Stults,4.9,2,1512
Gene Tierney,6.6,1,535
Gena Rowlands,6.5,1,545
Gavin MacLeod,5.6,1,284
Gary Weeks,6.4,1,452
Gary Oldman,5.933333333,12,120000
Gary Lewis,7.8,1,203
Gary Dourdan,6.066666667,3,3000
Gary Daniels,2.8,1,551
Gary Cooper,7.35,2,1996
Gary Cole,6.2,8,7912
Gaby Hoffmann,6.8,1,612
Gabriel Millman,6.9,1,13000
G.W. Krauss,6.8,1,20
French Stewart,2.6,1,319
Fred Willard,3.5,1,729
Fred MacMurray,8.3,1,516
Fred Gwynne,7.2,2,1772
Franky G,7,1,93
Frankie Muniz,5.4,2,1868
Frank Whaley,6.6,1,436
Frank Welker,5.5,3,6000
Frank Langella,6.05,4,3609
Frank Grillo,5.25,4,3192
Frank Finlay,6.5,2,676
Françoise Yip,6.7,1,186
François Cluzet,7.15,2,1082
François Bégaudeau,7.5,1,15
Francis Capra,8.4,1,937
Francesca Capaldi,7.2,1,144
Frances Fisher,6.4,4,2552
Frances Conroy,5.4,3,2481
Frances Bay,5.6,1,491
Frances Bavier,6.1,1,407
Fran Drescher,7,1,859
Florian Lukas,7.7,1,65
Florence Henderson,6.2,1,337
Flavio Parenti,7,1,144
Fisher Stevens,4.62,5,4610
Fionnula Flanagan,7.6,1,482
Finn Wittrock,7.2,2,1538
Fernanda Montenegro,7.75,2,238
Fernanda Andrade,4.2,1,403
Fergie,5.8,1,529
Fereshteh Sadre Orafaiy,7.5,1,5
Faye Dunaway,5.35,2,1954
Fay Masterson,7,1,126
Farrah Fawcett,5.2,2,2000
Fanny Ardant,7.5,1,288
Fann Wong,6.2,1,154
Faizon Love,5.6,2,1170
Fabian Bolin,6.7,1,309
F. Murray Abraham,6.75,2,1340
Ezra Miller,7.45,2,6000
Everett McGill,6.2,1,201
Eva Green,7.15,4,24000
Eva Boehnke,6.3,1,0
Eva Amurri Martino,6.4,1,797
Eugenio Derbez,7.6,1,399
Ethan Suplee,7.18,5,5000
Ethan Embry,6.625,4,3928
Esther Williams,6.5,1,675
Estella Warren,5.7,2,1316
Essie Davis,6.65,2,618
Essence Atkins,4.3,2,1426
Esai Morales,7.066666667,3,2097
Errol Flynn,7.1,1,843
Ernie Reyes Jr.,5,1,444
Erin Fitzgerald,5.3,1,99
Erika Christensen,5.6,3,2793
Erick Avari,5.2,1,567
Eric Stoltz,6.8,2,1804
Eric Sheffer Stevens,5.3,1,120
Eric Mendenhall,4.1,1,607
Eric Mabius,7,2,1274
Eric Lloyd,5.9,1,775
Eric Johnson,6.9,1,373
Eric Idle,5.55,4,3180
Eric Dane,6.666666667,3,6000
Eoin Macken,4.8,1,533
Emraan Hashmi,4.8,1,724
Emmanuelle Vaugier,6.1,2,2000
Emmanuelle Seigner,8,1,413
Emma Watson,5.9,2,18000
Emma Stone,6.558333333,12,180000
Emma Caulfield,7.5,1,970
Emma Bell,6.05,2,1405
Emir Kusturica,6.95,2,4000
Emily Watson,7.2,4,3504
Emily Rios,7.1,1,231
Emily Podleski,6.6,1,1000
Emily Osment,4.2,1,1000
Emilia Fox,8.5,1,396
Eme Ikwuakor,7,1,135
Embeth Davidtz,5.2,1,795
Elpidia Carrillo,6.8,1,174
Ellen Burstyn,7.225,4,4000
Ellar Coltrane,8,1,230
Elizabeth Streb,6.8,1,0
Elizabeth Montgomery,7.6,1,1000
Elizabeth McGovern,7.7,1,553
Elizabeth Daily,6.2,4,3884
Elizabeth Berrington,8,1,65
Elissa Dowling,3.2,1,307
Elisabeth Harnois,5.4,1,921
Elina Alminas,7.7,1,149
Elina Abai Kyzy,8.7,1,0
Eleanor Parker,8,1,354
Elden Henson,6.1,2,1154
Elaine Hendrix,5.5,2,1340
Elaine Bromka,6.7,1,178
Eileen Brennan,6.375,4,4000
Edie Falco,6.5,1,659
Edgar Ramírez,7.7,1,897
Edgar Arreola,7.6,1,455
Eddie Redmayne,6.875,4,52000
Eddie Marsan,7,2,1958
Eddie Izzard,5.7,2,1552
Eddie Griffin,5.266666667,3,1467
Eddie Cibrian,5.375,4,3396
Eddie Cahill,7.5,1,639
Ed Wynn,7.8,1,382
Ed Speleers,6.3,1,762
Ed Skrein,5.1,1,805
Ed Lauter,6.8,1,897
Ed Begley Jr.,6.2125,8,6264
Eartha Kitt,7.3,1,558
Eamonn Walker,7.3,1,706
Dylan Walsh,5,1,426
Dylan Moran,6.6,1,427
Dylan Baker,6,3,2436
Dylan Authors,7,1,20
Dyan Cannon,6.5,1,267
Dwayne Johnson,6.205263158,19,228000
Dustin Milligan,6.5,1,499
Dustin Lance Black,7.1,1,191
Dustin Ingram,3.7,1,427
Dustin Fitzsimons,2.5,1,349
Drew Waters,5.4,1,848
Drew Powell,6.8,1,129
Drew Fuller,3.9,1,906
Dreama Walker,6.4,1,601
Drake Bell,5.375,4,4000
Dov Tiefenbach,6.1,1,108
Dougray Scott,5.6,1,794
Doug Walker,7.1,1,131
Doug E. Doug,6.9,1,953
Doug Brochu,6.1,1,254
Dorian Missick,6.966666667,3,3000
Doona Bae,7,1,629
Donny Boaz,7,1,2000
Donna Reed,8.6,1,488
Donna Murphy,6.3,1,553
Dong-gun Jang,5.6,1,489
Donatas Banionis,8.1,1,29
Donald Pleasence,6.216666667,6,4452
Donald Glover,5.8,1,801
Donald Faison,5.2,5,4635
Don Wallace,6.6,1,54
Don Rickles,6.4,1,721
Don McKellar,6.6,1,45
Don Johnson,5.775,4,3928
Don Cheadle,6.92,10,30000
Don Brooks,6.7,1,0
Don Ameche,7.5,1,392
Dominic Flores,6.1,1,1000
Dominic Cooper,7.071428571,7,21000
Dolly Parton,5.75,2,2000
Djimon Hounsou,5.95,8,24000
Divine,6.1,1,462
Diedrich Bader,5,2,1518
Dick Clark,7.1,1,504
Dichen Lachman,3.1,1,717
Dianne Wiest,6.5,7,6769
Diane Sorrentino,5.1,1,17
Diahann Carroll,4.7,1,426
Devin Ratray,6.933333333,3,3000
Devid Striesow,6.8,1,24
Desmond Llewelyn,6.666666667,3,732
Derick Martini,7.6,1,20000
Derek Luke,6.7,1,543
DeRay Davis,3.3,1,328
Denzel Washington,7.083333333,30,540000
Dennis Quaid,6.714285714,14,28000
Denis O'Hare,6.6,1,896
Denis Leary,6.95,2,1670
Denis Lavant,6.55,2,452
Demián Bichir,6.85,2,1498
Demi Moore,6.0125,8,16000
Delroy Lindo,6.85,4,3392
Del Zamora,5.65,2,1504
Dee Bradley Baker,7.9,1,668
Debra Messing,6.55,2,1300
Déborah Révy,5.6,1,34
Deborah Mailman,6.3,1,46
Deborah Kara Unger,6.65,2,989
Debi Mazar,8.5,1,680
Debi Derryberry,6,1,122
Debbie Reynolds,6.3,1,786
Debbie Harry,7.3,1,391
Dean Stockwell,6.9,3,2808
Dax Flame,6.7,1,971
David Zucker,6.5,1,119
David Zayas,4.4,1,929
David Wayne,7.2,1,116
David Richmond-Peck,6.3,1,60
David Raizor,8.6,1,784
David Paymer,5.4,2,744
David Oyelowo,6.266666667,6,6000
David Ogden Stiers,7.95,2,886
David Oakes,5.6,1,335
David Niven,7.8,1,490
David Masterson,7,1,577
David Margulies,5.9,1,567
David Mamet,7.1,1,342
David Lyons,6.7,1,576
David Keith,5.5,2,1126
David Jason Perez,6.7,1,1000
David Jason,7.8,1,325
David Hyde Pierce,6.5,2,886
David Huddleston,6.8,1,1000
David Hewlett,6.8,3,2058
David Gant,7.1,1,21
David Conrad,6.3,1,642
David Carradine,5.566666667,3,2778
David Belle,7.2,1,510
David Arquette,7.1,2,1222
David Alpay,6.6,1,232
Dave Legeno,6.2,1,570
Dave Chappelle,6.25,2,1488
Daston Kalili,5.8,1,2
Daryl Sabara,6,2,1280
Darryl Hunt,7.7,1,2
Darren Shahlavi,5.1,1,294
Dario Nozic Serini,6.4,1,0
Darcy Donavan,7.2,1,640000
Darci Kistler,5.7,1,2
Dany Boon,6.7,2,344
Danny Strong,6.3,1,714
Danny Pino,7.3,2,1572
Danny Huston,6.6,1,430
Danny Dyer,6.433333333,3,2394
Danny Aiello,7.3,1,388
Danneel Ackles,5.95,2,2000
Danielle Kotch,6.8,1,1000
Daniella Alonso,5.1,1,557
Daniel von Bargen,6.3,1,577
Daniel Stern,6.2,2,1592
Daniel Sharman,6.1,1,1000
Daniel Roebuck,5.74,5,5000
Daniel Radcliffe,6.677777778,9,99000
Daniel Mays,6.1,1,287
Daniel London,6.7,1,52
Daniel Kaluuya,6.3,1,219
Daniel Baldwin,5.5,1,413
Dania Ramirez,4.3,1,1000
Dane Cook,5.25,4,4000
Dana Delany,6.8,1,722
Dana Andrews,7.1,1,188
Dan Novy,7.3,1,19
Dan Futterman,7,1,254
Dan Fogler,7.7,1,562
Dan Byrd,6.15,2,2000
Damon Wayans Jr.,5.7,2,1512
Damon Wayans,2.8,1,836
Damian Walshe-Howling,5.8,1,122
Damián Alcázar,6.8,1,201
Dameon Clarke,6.6,1,170
Dallas Barnett,6.8,1,473
D.B. Woodside,4.4,1,598
Curtiss Cook,6.4,1,591
Curtis Armstrong,6.333333333,3,2628
Craig T. Nelson,5.6,3,2169
Craig Stark,7.9,1,46000
Craig Roberts,6.85,2,1840
Craig Parker,6.6,1,978
Craig Ferguson,6.8,2,1518
Costas Mandylor,6.1,5,3615
Cory Hardrict,6.9,1,303
Corinna Harney,6.4,1,779
Corbin Bleu,6.6,1,632
Corbin Bernsen,6.42,5,5000
Corbin Allred,6.8,1,214
Connor Paolo,6.5,1,530
Connie Ray,6,1,90
Connie Nielsen,6.38,5,4665
Common,6.5,2,1977
Colm Feore,6.6,4,2156
Collin Alfredo St. Dic,8.5,1,48
Collette Wolfe,5.8,1,390
Colleen Dewhurst,7.6,1,157
Colin Salmon,6.9,4,3064
Colin Firth,6.713333333,15,210000
Colin Ferguson,5.6,1,747
Cole Hauser,6.3,2,1574
Clu Gulager,5.4,1,426
Clive Russell,5.4,1,241
Clint Howard,6.3,3,3000
Clint Eastwood,7.3375,16,256000
Clifton Collins Jr.,6.28,5,4840
Cliff Robertson,6.35,2,1508
Clea DuVall,7.5,2,2000
Clayton Snyder,5.3,1,925
Claudia Christian,4.6,1,462
Claudia Cardinale,8.6,1,973
Claudette Colbert,8.2,1,380
Claude Rains,8.3,2,1214
Claire Gordon-Harper,3.6,1,416
Cicely Tyson,5.825,4,3628
Christopher Nicholas Smith,7.1,1,434
Christopher Meloni,6.3,3,9000
Christopher Masterson,5.6,1,1000
Christopher Lee,6.488888889,9,144000
Christopher Lambert,5.971428571,7,7000
Christopher Judge,7.466666667,3,2541
Christopher Heyerdahl,5.6,1,825
Christopher Denham,6.7,1,120
Christopher Abbott,5.9,2,642
Christoph Waltz,6.56,5,55000
Christo Jivkov,7.1,1,260
Christine Taylor,6.2,1,838
Christina Milian,5.4,1,1000
Christina Hart,4,1,12
Christie Burke,3.8,1,380
Christian Monzon,5.3,1,2000
Christian Keyes,5.4,1,761
Christian Clemenson,7.6,1,97
Christian Clavier,6.5,2,212
Christian Bale,7.2,23,529000
Chriss Anglin,4.3,1,885
Chris Zylka,4,1,963
Chris Noth,5.9,4,3848
Chris Moss,6.3,1,33000
Chris Marquette,6.8,1,355
Chris Klein,3.7,1,841
Chris Hemsworth,6.94,15,390000
Chris Harrison,2.9,1,98
Chris Gauthier,6.1,1,434
Chris Evans,6.455555556,9,99000
Chris Elliott,4.9,1,571
Chris Eigeman,7.5,1,88
Chris Brown,5.6,3,2991
Chris Brochu,4.8,1,795
Chris 'Wonder' Schoeck,7.9,1,0
Chloë Grace Moretz,6.183333333,12,204000
Cheryl Hines,4.5,1,541
Chen Chang,7.9,1,103
Chemeeka Walker,7.3,1,0
Chelcie Ross,5.8,1,244
Chelan Simmons,5.8,1,440
Cheech Marin,3.85,2,1687
Chazz Palminteri,6.025,8,7832
Chase Ellison,7,1,772
Charlyne Yi,6.2,1,529
Charlotte Rampling,6.466666667,6,5064
Charlize Theron,6.133333333,6,54000
Charlie Rowe,5.2,1,882
Charlie McDermott,6.8,2,992
Charlie Korsmo,6.1,1,678
Charlie Hunnam,6.66,5,80000
Charles S. Dutton,6.4,1,534
Charles Napier,4.5,2,1006
Charla Cochran,7,1,270
Charis Michelsen,7,1,5
Channing Tatum,6.294736842,19,323000
Cem Yilmaz,7.1,1,523
Celia Imrie,6.9,1,186
Cedric the Entertainer,6.65,2,872
Cécile De France,6.8,1,447
CCH Pounder,6.05,4,4000
Catriona MacColl,6.9,1,48
Catherine O'Hara,6.633333333,6,5550
Catherine Lough Haggquist,2.3,1,310
Catherine Hicks,6.5,1,311
Catherine Dyer,7.7,1,768
Catherine Deneuve,6.757142857,7,6742
Catherine Bell,5.8,1,636
Catalina Sandino Moreno,7.5,1,280
Cassie Ventura,6.2,1,158
Cassandra Peterson,6.2,1,922
Cary-Hiroyuki Tagawa,6.366666667,6,6000
Carroll O'Connor,7.4,1,480
Carrie Bradstreet,5.7,1,466
Caroline Munro,7.1,1,456
Caroline Dhavernas,7.35,2,1088
Carole Bouquet,6.6,1,235
Carol Kane,4.2,1,636
Carol Channing,7.2,1,387
Carol Block,7.5,1,0
Carol Ann Susi,5.2,1,3000
Carmen Perez,6.4,1,97
Carmen Maura,7.6,1,148
Carmen Electra,3.066666667,3,2607
Carlos Ponce,4.7,2,1182
Carlos Gallardo,6.9,1,121
Cara Delevingne,4.7,1,554
Candice Bergen,7.15,2,1090
Camren Bicondova,5.5,1,756
Campbell Scott,7.95,2,786
Cameron Monaghan,5.4,1,1000
Cameron Bright,6.1,1,829
Callum Rennie,6.7,3,2148
Callie Thorne,4.4,1,472
Caleb Landry Jones,5.6,1,463
Caitlin Stasey,5.1,1,623
Byron Mann,6,1,258
Busy Philipps,6.35,4,4000
Buster Keaton,7,1,907
Burt Young,5.1,1,683
Burt Kwouk,7.1,1,462
Burl Ives,8.1,1,253
Burgess Meredith,6.5,1,1000
Bunta Sugawara,8.6,1,17
Bryce Dallas Howard,6.716666667,6,18000
Bruno Kirby,7.6,1,227
Bruce Willis,6.576666667,30,390000
Bruce Spence,6.3,2,1062
Bruce Payne,4.9,1,179
Bruce McGill,6.366666667,3,1965
Bruce Greenwood,6.209090909,11,10869
Bruce Dinsmore,7.4,1,51
Bruce Dern,6.3,3,2532
Brooke Shields,5.7,1,1000
Brittany Daniel,5.75,2,1722
Britney Spears,3.3,2,2000
Brigitte Helm,8.3,1,136
Brigitte Bardot,5.5,1,984
Brighton Sharbino,7.5,2,6000
Bridgette Wilson-Sampras,5.8,1,545
Brianna Brown,5.3,1,331
Brian Thompson,3.7,1,663
Brian Lee Franklin,5.8,1,38
Brian Eno,7.3,1,30
Brian Doyle-Murray,5,1,484
Brian Dennehy,6.275,4,3816
Brian Bosworth,5.9,1,174
Brian Blessed,7.05,2,1182
Brian Austin Green,4.3,1,676
Brendon Small,8.2,1,59
Brendan Fraser,5.733333333,12,36000
Brendan Fehr,5.3,1,847
Brendan Doogie Milewski,7.5,1,2
Brenda Vaccaro,7.9,1,183
Brenda Song,5.1,1,1000
Brenda Fricker,6.9,1,214
Brandon T. Jackson,4.65,2,1836
Bradley Whitford,6.7,1,821
Bradley Cooper,6.530769231,13,182000
Brad William Henke,6.6,1,363
Brad Pitt,7.077777778,18,198000
Brad Garrett,7.15,2,1598
Boyd Banks,5.4,1,57
Boris Kodjoe,5.325,4,4000
Bono,7.1,2,936
Bolo Yeung,6.15,2,1266
Bokeem Woodbine,6.34,5,4520
Bojana Novakovic,6.5,3,6000
Bobby Lee,7,1,176
Bobbie Phillips,4.6,1,16000
Bob Proctor,8.2,1,8
Bob Newhart,7.2,1,643
Bob Neill,5.7,1,2
Bob Hoskins,6.46,10,50000
Bob Balaban,7.7,1,559
Bo Huang,7.7,1,4
Blythe Danner,7.05,2,1426
Blythe Auffarth,6.4,1,76
Blanchard Ryan,5.7,1,48
Blair Underwood,7.2,2,1370
Blair Brown,6.1,1,310
Bjørn Sundquist,6.55,2,70
Birgitte Hjort Sørensen,6.1,1,1000
Bingbing Li,5.933333333,3,2922
Bingbing Fan,7,2,1112
Billy West,7.5,1,861
Billy Drago,5.3,1,371
Billy Crudup,7.075,4,2980
Billy Campbell,6.3,1,789
Billy Burke,6.666666667,6,12000
Bill Murray,6.830769231,26,338000
Bill Maher,7.7,1,334
Bill Johnson,5.5,1,237
Bill Farmer,5.1,1,93
Bill Duke,6.333333333,3,3000
Bill Cobbs,6.55,6,5820
Bill Bailey,7.9,1,175
Bianca Kajlich,6.7,2,1463
Bhole Baba,7,1,0
Bhavkhandan Singh Rakhra,6.6,1,258
Bhama,7.1,1,5
Bex Taylor-Klaus,7.3,1,460
Beverly D'Angelo,6.8,2,1632
Betsy Palmer,6.1,1,309
Beth Grant,6.45,2,1256
Bernie Mac,6.081818182,11,11000
Bernie Casey,6.2,1,180
Bernard Hill,7.9,1,416
Bernard Fox,4.1,1,246
Bernard Cribbins,7.5,1,195
Bernadette Peters,4.2,1,753
Bérénice Bejo,8,1,996
Benoît Magimel,6.6,1,173
Benno Fürmann,6.1,1,127
Benjamin A. Onyango,3.4,1,634
Benedict Cumberbatch,7.285714286,7,133000
Ben Gazzara,6.9,2,1246
Ben Feldman,5.8,2,2000
Ben Davies,7,1,690
Ben Browder,7.4,1,878
Bella Thorne,5.88,5,175000
Belén Rueda,8.1,1,273
Bebe Neuwirth,6.3,1,376
Beau Mirchoff,5.1,1,2000
Beau Bridges,6.7,1,552
Bashar Rahal,4.5,2,1206
Barry Watson,4.1,1,526
Barry Corbin,6.1,5,4415
Barry Bostwick,3.5,1,456
Bárbara Mori,6,1,594
Barack Obama,5.1,1,871
Bam Margera,6.933333333,3,1824
Bailee Madison,5.85,2,6000
Bai Ling,6.7,1,582
Bahare Seddiqi,8.5,1,36
Ayelet Zurer,7.6,1,745
Ava Gardner,6.8,1,715
Austin Pendleton,6.5,2,1189
Austin Nichols,5.1,1,663
Aunjanue Ellis,6.9,1,400
Augustus Prew,6.5,1,405
Asin,4.3,1,634
Ashley Williams,5.9,1,969
Ashley Tramonte,4.6,1,630
Ashley Scott,5.8,1,794
Ashley Rickards,4.7,1,986
Ashanti,2.8,1,341
Art Hindle,6.2,1,110
Armin Mueller-Stahl,5.9,1,294
Armando Riesco,7.5,2,1250
Arliss Howard,7.1,1,152
Arjun Rampal,5.3,1,564
Ariel Hsing,7.1,1,0
Ariana Richards,5.9,2,1220
Ari Graynor,6.366666667,3,2712
Ari Folman,8,1,56
Archie Panjabi,7,4,3532
Anwar Congo,8.2,1,3
Anupam Kher,8.4,1,397
Antony Starr,5.9,1,506
Antonia Thomas,7.9,1,381
Antoni Corone,6.7,1,97
Anthony L. Fernandez,4.9,1,640
Anthony Hopkins,6.923809524,21,252000
Anthony 'Citric' Campos,6.6,1,586
Anne Hathaway,6.458333333,12,132000
Annabelle Wallis,5.1,1,421
Annabella Sciorra,6.1,2,896
Anna Silk,7.9,1,857
Anna Kendrick,6.485714286,7,70000
Anna Gunn,6.2,1,1000
Anna Friel,6.2,3,2206
Ann-Margret,7.3,1,931
Anjelica Huston,6.475,8,8000
Anita Page,6.3,1,77
Anil Kapoor,8,1,668
Anika Noni Rose,2.1,1,525
Angus T. Jones,5.5,1,1000
Angus Scrimm,6.5,1,674
Angie Dickinson,7.1,1,754
Angell Conwell,4.6,1,522
Angelina Jolie Pitt,6.606666667,15,165000
Angelina Armani,5.2,1,677
Angeliki Papoulia,7.3,1,47
Angela Sarafyan,7.6,1,310
Andy Lau,6.666666667,3,1449
Andy Dick,5.3,1,302
Andrew Wilson,7.1,1,387
Andrew Robinson,7,1,266
Andrew Garfield,7.2,4,40000
Andrew Fiscella,5.85,2,274000
Andrew Bujalski,6.65,2,52
Andrea Corr,6.3,1,57
Anamaria Marinca,7.9,1,131
Ana de la Reguera,5.7,1,678
Amy Schumer,6.3,1,492
Amy Poehler,5.6125,8,8000
Amy Bruni,6.6,1,155
Amos Oz,7.2,1,3
Amir Talai,5.5,1,308
Ami Ayalon,7.6,1,0
America Olivo,6.1,1,470
America Ferrera,6.375,4,3812
Amber Valletta,6,1,627
Amber Stevens West,6,1,584
Amanda Schull,7.15,2,1514
Amanda Detmer,5.9,1,240
Alyson Stoner,6.2,1,2000
Alyson Hannigan,5.575,8,24000
Alun Armstrong,6.2,1,192
Alona Tal,6.2,1,1000
Alma Martinez,7.1,1,56
Ally Walker,6.3,1,349
Ally Sheedy,6.1,1,793
Allison Dean,7.2,1,159
Alison Lohman,6.7,2,2000
Alison Brie,6.166666667,3,6000
Aliou Touré,7.7,1,0
Alicja Bachleda,7.4,1,289
Alicia Witt,6.12,5,4875
Alicia Goranson,7.6,1,173
Alice Olivia Clarke,6.9,1,117
Alice Krige,6.65,2,736
Alice Greczyn,5.1,1,631
Alice Cooper,7.4,1,674
Alice Braga,7.266666667,3,3000
Alia Shawkat,7.1,1,727
Alfre Woodard,6.411111111,9,9000
Alexis Dziena,6.6,1,715
Alexis Arquette,5.3,1,285
Alexia Fast,6.8,1,553
Alexandra Maria Lara,6.4,1,471
Alexander Skarsgård,6.675,4,40000
Alexander Gould,6.5,2,2000
Alexa PenaVega,5.655555556,9,18000
Alex Veadov,6.5,1,93
Alex Russell,5.2,1,465
Alex Rocco,6.7,1,968
Alex Pettyfer,6.06,5,75000
Alex Kendrick,5.633333333,3,1767
Alex Huszar,7.9,1,61
Alex Gibney,7.7,1,141
Álex Angulo,7.2,1,90
Alessandro Nivola,6.7,1,527
Aldis Hodge,7.9,1,559
Alden Ehrenreich,5.5,2,2000
Albert Finney,7.466666667,3,2649
Albert Brooks,6.95,2,1490
Alanna Ubach,6.3,2,1168
Alan Ruck,5.8,2,1892
Alan Rickman,7.2875,8,200000
Alan Brent,5.4,1,498
Alain Delon,5.1,1,936
Al Pacino,6.746666667,15,210000
Akshaye Khanna,7.4,1,75
Aksel Hennie,7.6,1,286
Akon,5.6,1,262
Aisha Tyler,6.8,1,856
Aimee Garcia,5.3,2,1236
Aidan Turner,7.325,4,20000
Aidan Quinn,6.34,5,3835
Ahna O'Reilly,7.5,1,282
Agnes Moorehead,7,1,960
Adriana Caselotti,7.7,1,82
Adriana Barraza,8.1,1,85
Adrian Martinez,5.9,1,806
Adam Scott,6.2625,8,24000
Adam Sandler,6.378571429,14,154000
Adam LeFevre,7.2,1,80
Adam Goldberg,6.62,5,5000
Adam Garcia,4.5,3,2433
Adam Baldwin,7.225,4,8000
Adam Arkin,6.5,2,748
Abigail Spencer,5.3,1,1000
Abigail Evans,8.7,1,0
Abhishek Bachchan,4.75,2,748
Abbie Cornish,7.066666667,3,6000
Aasif Mandvi,6.7,1,346
Aaliyah,5.2,1,775
A.J. Buckley,6.8,1,275
50 Cent,5,1,1000
,6.814285714,7,
